Country,,0
Afghanistan,1990,161.2
Afghanistan,1995,163.9
Afghanistan,2000,165.2
Afghanistan,2005,146.4
Afghanistan,2010,133.1
Afghanistan,2011,126.6
Afghanistan,2012,120.2
Afghanistan,2013,113.7
Afghanistan,2014,107.3
Afghanistan,2015,100.8
Afghanistan,2016,90.2
Afghanistan,2017,79.6
Afghanistan,2018,69
Albania,1990,16.3
Albania,1995,18.7
Albania,2000,19.3
Albania,2005,18.8
Albania,2010,18.5
Albania,2011,18.9
Albania,2012,19.4
Albania,2013,19.8
Albania,2014,20.3
Albania,2015,20.7
Albania,2016,20.4
Albania,2017,20
Albania,2018,19.6
Algeria,1990,33.1
Algeria,1995,24.3
Algeria,2000,14.9
Algeria,2005,9.7
Algeria,2010,9.7
Algeria,2011,10.1
Algeria,2012,10.4
Algeria,2013,10.8
Algeria,2014,11.2
Algeria,2015,11.6
Algeria,2016,11.1
Algeria,2017,10.6
Algeria,2018,10.1
Angola,1990,222
Angola,1995,213
Angola,2000,202.5
Angola,2005,192.8
Angola,2010,181.2
Angola,2011,178.5
Angola,2012,175.7
Angola,2013,172.9
Angola,2014,170.2
Angola,2015,167.4
Angola,2016,161.8
Angola,2017,156.2
Angola,2018,150.5
Antigua and Barbuda,1990,83.3
Antigua and Barbuda,1995,71.8
Antigua and Barbuda,2000,65.4
Antigua and Barbuda,2005,59.7
Antigua and Barbuda,2010,51.2
Antigua and Barbuda,2011,50.3
Antigua and Barbuda,2012,49.5
Antigua and Barbuda,2013,48.7
Antigua and Barbuda,2014,47.8
Antigua and Barbuda,2015,47
Antigua and Barbuda,2016,45.6
Antigua and Barbuda,2017,44.2
Antigua and Barbuda,2018,42.8
Argentina,1990,73.4
Argentina,1995,73.6
Argentina,2000,69.8
Argentina,2005,64.1
Argentina,2010,62.9
Argentina,2011,63.1
Argentina,2012,63.2
Argentina,2013,63.3
Argentina,2014,63.4
Argentina,2015,63.6
Argentina,2016,63.3
Argentina,2017,63
Argentina,2018,62.8
Armenia,1990,65.6
Armenia,1995,80.1
Armenia,2000,49.9
Armenia,2005,32.4
Armenia,2010,27.8
Armenia,2011,27.2
Armenia,2012,26.6
Armenia,2013,26
Armenia,2014,25.4
Armenia,2015,24.8
Armenia,2016,23.7
Armenia,2017,22.6
Armenia,2018,21.5
Australia,1990,21.1
Australia,1995,20.9
Australia,2000,19.5
Australia,2005,16.9
Australia,2010,17.1
Australia,2011,16.1
Australia,2012,15.2
Australia,2013,14.2
Australia,2014,13.3
Australia,2015,12.3
Australia,2016,12.1
Australia,2017,11.9
Australia,2018,11.7
Austria,1990,21.4
Austria,1995,20.4
Austria,2000,14.8
Austria,2005,13.3
Austria,2010,11.1
Austria,2011,10.6
Austria,2012,10.1
Austria,2013,9.5
Austria,2014,9
Austria,2015,8.5
Austria,2016,8.1
Austria,2017,7.7
Austria,2018,7.3
Azerbaijan,1990,25.7
Azerbaijan,1995,37.5
Azerbaijan,2000,42.3
Azerbaijan,2005,32.6
Azerbaijan,2010,38.5
Azerbaijan,2011,40.6
Azerbaijan,2012,42.8
Azerbaijan,2013,44.9
Azerbaijan,2014,47.1
Azerbaijan,2015,49.2
Azerbaijan,2016,51.4
Azerbaijan,2017,53.6
Azerbaijan,2018,55.8
Bahamas,1990,69.8
Bahamas,1995,69.6
Bahamas,2000,61.9
Bahamas,2005,44.1
Bahamas,2010,39.5
Bahamas,2011,38.1
Bahamas,2012,36.8
Bahamas,2013,35.5
Bahamas,2014,34.1
Bahamas,2015,32.8
Bahamas,2016,31.9
Bahamas,2017,30.9
Bahamas,2018,30
Bahrain,1990,32.5
Bahrain,1995,22.3
Bahrain,2000,18.8
Bahrain,2005,16.8
Bahrain,2010,14.8
Bahrain,2011,14.6
Bahrain,2012,14.5
Bahrain,2013,14.3
Bahrain,2014,14.2
Bahrain,2015,14
Bahrain,2016,13.8
Bahrain,2017,13.6
Bahrain,2018,13.4
Bangladesh,1990,169.7
Bangladesh,1995,143.5
Bangladesh,2000,121.6
Bangladesh,2005,106
Bangladesh,2010,94.1
Bangladesh,2011,93
Bangladesh,2012,91.9
Bangladesh,2013,90.8
Bangladesh,2014,89.7
Bangladesh,2015,88.6
Bangladesh,2016,86.7
Bangladesh,2017,84.8
Bangladesh,2018,83
Barbados,1990,49.9
Barbados,1995,57.9
Barbados,2000,52
Barbados,2005,50.5
Barbados,2010,47.3
Barbados,2011,46.4
Barbados,2012,45.5
Barbados,2013,44.6
Barbados,2014,43.6
Barbados,2015,42.7
Barbados,2016,39.7
Barbados,2017,36.6
Barbados,2018,33.5
Belarus,1990,37.8
Belarus,1995,44.2
Belarus,2000,33
Belarus,2005,24.3
Belarus,2010,22.3
Belarus,2011,22.1
Belarus,2012,21.9
Belarus,2013,21.8
Belarus,2014,21.6
Belarus,2015,21.4
Belarus,2016,19.1
Belarus,2017,16.8
Belarus,2018,14.5
Belgium,1990,11.4
Belgium,1995,10.8
Belgium,2000,10.2
Belgium,2005,10.9
Belgium,2010,10
Belgium,2011,9.2
Belgium,2012,8.4
Belgium,2013,7.6
Belgium,2014,6.8
Belgium,2015,6
Belgium,2016,5.6
Belgium,2017,5.1
Belgium,2018,4.7
Belize,1990,131.6
Belize,1995,121.7
Belize,2000,106.3
Belize,2005,91.2
Belize,2010,78.7
Belize,2011,77.5
Belize,2012,76.3
Belize,2013,75.1
Belize,2014,73.9
Belize,2015,72.7
Belize,2016,71.3
Belize,2017,69.9
Belize,2018,68.5
Benin,1990,123.1
Benin,1995,126.8
Benin,2000,122.8
Benin,2005,115.7
Benin,2010,108.7
Benin,2011,106.2
Benin,2012,103.8
Benin,2013,101.3
Benin,2014,98.8
Benin,2015,96.4
Benin,2016,92.9
Benin,2017,89.5
Benin,2018,86.1
Bhutan,1990,107.5
Bhutan,1995,101
Bhutan,2000,89.2
Bhutan,2005,69.2
Bhutan,2010,47.9
Bhutan,2011,43.9
Bhutan,2012,39.9
Bhutan,2013,36
Bhutan,2014,32
Bhutan,2015,28
Bhutan,2016,25.4
Bhutan,2017,22.8
Bhutan,2018,20.2
Bolivia (Plurinational State of),1990,96.4
Bolivia (Plurinational State of),1995,92.1
Bolivia (Plurinational State of),2000,87.8
Bolivia (Plurinational State of),2005,85.7
Bolivia (Plurinational State of),2010,81.9
Bolivia (Plurinational State of),2011,80.1
Bolivia (Plurinational State of),2012,78.3
Bolivia (Plurinational State of),2013,76.5
Bolivia (Plurinational State of),2014,74.7
Bolivia (Plurinational State of),2015,72.9
Bolivia (Plurinational State of),2016,70.2
Bolivia (Plurinational State of),2017,67.6
Bolivia (Plurinational State of),2018,64.9
Bosnia and Herzegovina,1990,36.9
Bosnia and Herzegovina,1995,25.6
Bosnia and Herzegovina,2000,25.2
Bosnia and Herzegovina,2005,18.9
Bosnia and Herzegovina,2010,16.2
Bosnia and Herzegovina,2011,15.4
Bosnia and Herzegovina,2012,14.5
Bosnia and Herzegovina,2013,13.7
Bosnia and Herzegovina,2014,12.9
Bosnia and Herzegovina,2015,12.1
Bosnia and Herzegovina,2016,11.3
Bosnia and Herzegovina,2017,10.4
Bosnia and Herzegovina,2018,9.6
Botswana,1990,122.1
Botswana,1995,95.1
Botswana,2000,70.3
Botswana,2005,51.7
Botswana,2010,48.7
Botswana,2011,48.6
Botswana,2012,48.5
Botswana,2013,48.4
Botswana,2014,48.3
Botswana,2015,48.1
Botswana,2016,47.5
Botswana,2017,46.8
Botswana,2018,46.1
Brazil,1990,81.8
Brazil,1995,83.7
Brazil,2000,84.3
Brazil,2005,80.8
Brazil,2010,71.2
Brazil,2011,69.7
Brazil,2012,68.3
Brazil,2013,66.9
Brazil,2014,65.5
Brazil,2015,64.1
Brazil,2016,62.4
Brazil,2017,60.8
Brazil,2018,59.1
Brunei Darussalam,1990,41.4
Brunei Darussalam,1995,38.3
Brunei Darussalam,2000,28.9
Brunei Darussalam,2005,26.5
Brunei Darussalam,2010,18.1
Brunei Darussalam,2011,17.3
Brunei Darussalam,2012,16.6
Brunei Darussalam,2013,15.9
Brunei Darussalam,2014,15.2
Brunei Darussalam,2015,14.4
Brunei Darussalam,2016,13.1
Brunei Darussalam,2017,11.7
Brunei Darussalam,2018,10.3
Bulgaria,1990,75.8
Bulgaria,1995,66.7
Bulgaria,2000,48.2
Bulgaria,2005,42.5
Bulgaria,2010,46.2
Bulgaria,2011,45.7
Bulgaria,2012,45.2
Bulgaria,2013,44.7
Bulgaria,2014,44.2
Bulgaria,2015,43.8
Bulgaria,2016,42.5
Bulgaria,2017,41.2
Bulgaria,2018,39.9
Burkina Faso,1990,150.2
Burkina Faso,1995,144.8
Burkina Faso,2000,142.6
Burkina Faso,2005,137.1
Burkina Faso,2010,129.7
Burkina Faso,2011,126.8
Burkina Faso,2012,124
Burkina Faso,2013,121.1
Burkina Faso,2014,118.3
Burkina Faso,2015,115.4
Burkina Faso,2016,111.7
Burkina Faso,2017,108
Burkina Faso,2018,104.3
Burundi,1990,82.1
Burundi,1995,84.8
Burundi,2000,79
Burundi,2005,74.5
Burundi,2010,65.2
Burundi,2011,64.3
Burundi,2012,63.4
Burundi,2013,62.5
Burundi,2014,61.6
Burundi,2015,60.7
Burundi,2016,59
Burundi,2017,57.3
Burundi,2018,55.6
Cabo Verde,1990,109
Cabo Verde,1995,111.7
Cabo Verde,2000,100.5
Cabo Verde,2005,93.9
Cabo Verde,2010,88.6
Cabo Verde,2011,86.6
Cabo Verde,2012,84.6
Cabo Verde,2013,82.6
Cabo Verde,2014,80.6
Cabo Verde,2015,78.7
Cabo Verde,2016,77
Cabo Verde,2017,75.4
Cabo Verde,2018,73.8
Cambodia,1990,88.1
Cambodia,1995,66.8
Cambodia,2000,51.5
Cambodia,2005,48.2
Cambodia,2010,47
Cambodia,2011,47.3
Cambodia,2012,47.7
Cambodia,2013,48.1
Cambodia,2014,48.4
Cambodia,2015,48.8
Cambodia,2016,49.3
Cambodia,2017,49.7
Cambodia,2018,50.2
Cameroon,1990,191.5
Cameroon,1995,177.7
Cameroon,2000,162
Cameroon,2005,150
Cameroon,2010,131.8
Cameroon,2011,129.6
Cameroon,2012,127.4
Cameroon,2013,125.3
Cameroon,2014,123.1
Cameroon,2015,121
Cameroon,2016,115.9
Cameroon,2017,110.9
Cameroon,2018,105.8
Canada,1990,23.2
Canada,1995,25.1
Canada,2000,20.1
Canada,2005,14.6
Canada,2010,13.7
Canada,2011,13.2
Canada,2012,12.8
Canada,2013,12.4
Canada,2014,11.9
Canada,2015,11.5
Canada,2016,10.5
Canada,2017,9.4
Canada,2018,8.4
Central African Republic,1990,160.2
Central African Republic,1995,154.8
Central African Republic,2000,150.7
Central African Republic,2005,148
Central African Republic,2010,143.9
Central African Republic,2011,142.8
Central African Republic,2012,141.7
Central African Republic,2013,140.6
Central African Republic,2014,139.6
Central African Republic,2015,138.5
Central African Republic,2016,135.3
Central African Republic,2017,132.2
Central African Republic,2018,129.1
Chad,1990,218.1
Chad,1995,218.1
Chad,2000,216.4
Chad,2005,209.7
Chad,2010,196.1
Chad,2011,192.5
Chad,2012,188.9
Chad,2013,185.4
Chad,2014,181.8
Chad,2015,178.2
Chad,2016,172.5
Chad,2017,166.8
Chad,2018,161.1
Chile,1990,62.5
Chile,1995,68.5
Chile,2000,65.4
Chile,2005,57
Chile,2010,55.1
Chile,2011,54.8
Chile,2012,54.6
Chile,2013,54.3
Chile,2014,54.1
Chile,2015,53.8
Chile,2016,49.6
Chile,2017,45.3
Chile,2018,41.1
China,1990,26.7
China,1995,15.8
China,2000,11.7
China,2005,8.7
China,2010,7.3
China,2011,7.3
China,2012,7.3
China,2013,7.3
China,2014,7.4
China,2015,7.4
China,2016,7.5
China,2017,7.5
China,2018,7.6
Colombia,1990,91.2
Colombia,1995,99.5
Colombia,2000,100.9
Colombia,2005,95.5
Colombia,2010,82.1
Colombia,2011,80.4
Colombia,2012,78.6
Colombia,2013,76.8
Colombia,2014,75.1
Colombia,2015,73.3
Colombia,2016,71.1
Colombia,2017,68.9
Colombia,2018,66.7
Comoros,1990,118.8
Comoros,1995,108.2
Comoros,2000,98.9
Comoros,2005,92.2
Comoros,2010,79.5
Comoros,2011,78.5
Comoros,2012,77.5
Comoros,2013,76.5
Comoros,2014,75.5
Comoros,2015,74.4
Comoros,2016,71.4
Comoros,2017,68.4
Comoros,2018,65.4
Congo,1990,132.7
Congo,1995,125.4
Congo,2000,122.9
Congo,2005,121.6
Congo,2010,120.6
Congo,2011,120.1
Congo,2012,119.7
Congo,2013,119.2
Congo,2014,118.8
Congo,2015,118.3
Congo,2016,116.3
Congo,2017,114.3
Congo,2018,112.2
Congo (Democratic Republic of the),1990,132.8
Congo (Democratic Republic of the),1995,127.1
Congo (Democratic Republic of the),2000,124.1
Congo (Democratic Republic of the),2005,126.3
Congo (Democratic Republic of the),2010,130.8
Congo (Democratic Republic of the),2011,130.5
Congo (Democratic Republic of the),2012,130.2
Congo (Democratic Republic of the),2013,129.9
Congo (Democratic Republic of the),2014,129.6
Congo (Democratic Republic of the),2015,129.3
Congo (Democratic Republic of the),2016,127.6
Congo (Democratic Republic of the),2017,125.9
Congo (Democratic Republic of the),2018,124.2
Costa Rica,1990,98.2
Costa Rica,1995,93.6
Costa Rica,2000,83.2
Costa Rica,2005,69.4
Costa Rica,2010,63.6
Costa Rica,2011,62.8
Costa Rica,2012,62
Costa Rica,2013,61.3
Costa Rica,2014,60.5
Costa Rica,2015,59.8
Costa Rica,2016,57.7
Costa Rica,2017,55.6
Costa Rica,2018,53.5
Croatia,1990,34.9
Croatia,1995,20.7
Croatia,2000,19.1
Croatia,2005,15.2
Croatia,2010,14.6
Croatia,2011,13.9
Croatia,2012,13.2
Croatia,2013,12.5
Croatia,2014,11.9
Croatia,2015,11.2
Croatia,2016,10.3
Croatia,2017,9.5
Croatia,2018,8.7
Cuba,1990,85.7
Cuba,1995,66.4
Cuba,2000,58.7
Cuba,2005,49.1
Cuba,2010,47.5
Cuba,2011,48.8
Cuba,2012,50
Cuba,2013,51.3
Cuba,2014,52.5
Cuba,2015,53.8
Cuba,2016,53
Cuba,2017,52.3
Cuba,2018,51.6
Cyprus,1990,34.6
Cyprus,1995,24.3
Cyprus,2000,13.1
Cyprus,2005,7.2
Cyprus,2010,6.4
Cyprus,2011,6.2
Cyprus,2012,5.9
Cyprus,2013,5.7
Cyprus,2014,5.4
Cyprus,2015,5.2
Cyprus,2016,5
Cyprus,2017,4.8
Cyprus,2018,4.6
Czechia,1990,50.5
Czechia,1995,41.1
Czechia,2000,16.6
Czechia,2005,11.4
Czechia,2010,11.1
Czechia,2011,11
Czechia,2012,11
Czechia,2013,10.9
Czechia,2014,10.8
Czechia,2015,10.8
Czechia,2016,11.2
Czechia,2017,11.6
Czechia,2018,12
Côte d'Ivoire,1990,168
Côte d'Ivoire,1995,148.1
Côte d'Ivoire,2000,138.3
Côte d'Ivoire,2005,137.4
Côte d'Ivoire,2010,132
Côte d'Ivoire,2011,130.4
Côte d'Ivoire,2012,128.9
Côte d'Ivoire,2013,127.4
Côte d'Ivoire,2014,125.9
Côte d'Ivoire,2015,124.4
Côte d'Ivoire,2016,122.2
Côte d'Ivoire,2017,119.9
Côte d'Ivoire,2018,117.6
Denmark,1990,9.2
Denmark,1995,8.9
Denmark,2000,8
Denmark,2005,6.6
Denmark,2010,5.9
Denmark,2011,5.6
Denmark,2012,5.3
Denmark,2013,5
Denmark,2014,4.7
Denmark,2015,4.4
Denmark,2016,4.3
Denmark,2017,4.2
Denmark,2018,4.1
Djibouti,1990,50
Djibouti,1995,45.5
Djibouti,2000,36.4
Djibouti,2005,30.9
Djibouti,2010,25.3
Djibouti,2011,24.6
Djibouti,2012,23.9
Djibouti,2013,23.2
Djibouti,2014,22.4
Djibouti,2015,21.7
Djibouti,2016,20.8
Djibouti,2017,19.8
Djibouti,2018,18.8
Dominican Republic,1990,108.1
Dominican Republic,1995,112.9
Dominican Republic,2000,109.9
Dominican Republic,2005,106.5
Dominican Republic,2010,104.6
Dominican Republic,2011,103.2
Dominican Republic,2012,101.8
Dominican Republic,2013,100.4
Dominican Republic,2014,99
Dominican Republic,2015,97.6
Dominican Republic,2016,96.5
Dominican Republic,2017,95.4
Dominican Republic,2018,94.3
Ecuador,1990,88
Ecuador,1995,85.5
Ecuador,2000,84.3
Ecuador,2005,84.1
Ecuador,2010,83.6
Ecuador,2011,83.4
Ecuador,2012,83.3
Ecuador,2013,83.1
Ecuador,2014,82.9
Ecuador,2015,82.7
Ecuador,2016,81.6
Ecuador,2017,80.4
Ecuador,2018,79.3
Egypt,1990,103.1
Egypt,1995,80.4
Egypt,2000,60.5
Egypt,2005,52.5
Egypt,2010,49.4
Egypt,2011,50.6
Egypt,2012,51.9
Egypt,2013,53.2
Egypt,2014,54.5
Egypt,2015,55.8
Egypt,2016,55.1
Egypt,2017,54.5
Egypt,2018,53.8
El Salvador,1990,108.2
El Salvador,1995,101.2
El Salvador,2000,95.2
El Salvador,2005,88.7
El Salvador,2010,82.5
El Salvador,2011,80.7
El Salvador,2012,78.9
El Salvador,2013,77.1
El Salvador,2014,75.3
El Salvador,2015,73.5
El Salvador,2016,72.2
El Salvador,2017,70.8
El Salvador,2018,69.5
Equatorial Guinea,1990,187.6
Equatorial Guinea,1995,196.3
Equatorial Guinea,2000,189.4
Equatorial Guinea,2005,178.8
Equatorial Guinea,2010,174.6
Equatorial Guinea,2011,173
Equatorial Guinea,2012,171.5
Equatorial Guinea,2013,169.9
Equatorial Guinea,2014,168.3
Equatorial Guinea,2015,166.8
Equatorial Guinea,2016,163.1
Equatorial Guinea,2017,159.3
Equatorial Guinea,2018,155.6
Eritrea,1990,114.9
Eritrea,1995,109.9
Eritrea,2000,97.9
Eritrea,2005,82.4
Eritrea,2010,76.1
Eritrea,2011,72.9
Eritrea,2012,69.8
Eritrea,2013,66.6
Eritrea,2014,63.5
Eritrea,2015,60.3
Eritrea,2016,57.7
Eritrea,2017,55.1
Eritrea,2018,52.6
Estonia,1990,44.5
Estonia,1995,47.1
Estonia,2000,30.4
Estonia,2005,23.5
Estonia,2010,22.6
Estonia,2011,21.3
Estonia,2012,20
Estonia,2013,18.7
Estonia,2014,17.4
Estonia,2015,16.1
Estonia,2016,13.3
Estonia,2017,10.5
Estonia,2018,7.7
Eswatini (Kingdom of),1990,134.6
Eswatini (Kingdom of),1995,123.7
Eswatini (Kingdom of),2000,114.6
Eswatini (Kingdom of),2005,104.7
Eswatini (Kingdom of),2010,92
Eswatini (Kingdom of),2011,89.6
Eswatini (Kingdom of),2012,87.1
Eswatini (Kingdom of),2013,84.7
Eswatini (Kingdom of),2014,82.3
Eswatini (Kingdom of),2015,79.8
Eswatini (Kingdom of),2016,78.8
Eswatini (Kingdom of),2017,77.7
Eswatini (Kingdom of),2018,76.7
Ethiopia,1990,119.3
Ethiopia,1995,117.7
Ethiopia,2000,117.5
Ethiopia,2005,106
Ethiopia,2010,86.6
Ethiopia,2011,84.9
Ethiopia,2012,83.2
Ethiopia,2013,81.4
Ethiopia,2014,79.7
Ethiopia,2015,78
Ethiopia,2016,74.2
Ethiopia,2017,70.5
Ethiopia,2018,66.7
Fiji,1990,63.3
Fiji,1995,62.9
Fiji,2000,45.5
Fiji,2005,41.2
Fiji,2010,45.2
Fiji,2011,45.4
Fiji,2012,45.5
Fiji,2013,45.6
Fiji,2014,45.8
Fiji,2015,45.9
Fiji,2016,47.1
Fiji,2017,48.2
Fiji,2018,49.4
Finland,1990,12.7
Finland,1995,11.4
Finland,2000,9.5
Finland,2005,10.6
Finland,2010,9.2
Finland,2011,8.9
Finland,2012,8.5
Finland,2013,8.1
Finland,2014,7.8
Finland,2015,7.4
Finland,2016,6.9
Finland,2017,6.3
Finland,2018,5.8
France,1990,9.8
France,1995,8
France,2000,7.2
France,2005,7.9
France,2010,7.2
France,2011,7.1
France,2012,7
France,2013,6.9
France,2014,6.8
France,2015,6.6
France,2016,6
France,2017,5.4
France,2018,4.7
Gabon,1990,193.9
Gabon,1995,177.8
Gabon,2000,151.7
Gabon,2005,129.7
Gabon,2010,116.8
Gabon,2011,114.7
Gabon,2012,112.5
Gabon,2013,110.4
Gabon,2014,108.3
Gabon,2015,106.2
Gabon,2016,102.9
Gabon,2017,99.5
Gabon,2018,96.2
Gambia,1990,179.4
Gambia,1995,152.4
Gambia,2000,133
Gambia,2005,117.7
Gambia,2010,103.5
Gambia,2011,100.9
Gambia,2012,98.4
Gambia,2013,95.9
Gambia,2014,93.4
Gambia,2015,90.9
Gambia,2016,86.7
Gambia,2017,82.4
Gambia,2018,78.2
Georgia,1990,53.8
Georgia,1995,68.9
Georgia,2000,60.5
Georgia,2005,48.4
Georgia,2010,50.8
Georgia,2011,50.9
Georgia,2012,51.1
Georgia,2013,51.3
Georgia,2014,51.5
Georgia,2015,51.6
Georgia,2016,49.9
Georgia,2017,48.2
Georgia,2018,46.4
Germany,1990,17
Germany,1995,15.9
Germany,2000,13.1
Germany,2005,12.4
Germany,2010,9.8
Germany,2011,9.4
Germany,2012,9.1
Germany,2013,8.7
Germany,2014,8.4
Germany,2015,8.1
Germany,2016,8.1
Germany,2017,8.1
Germany,2018,8.1
Ghana,1990,118
Ghana,1995,103.8
Ghana,2000,90.7
Ghana,2005,79.5
Ghana,2010,73.7
Ghana,2011,73.4
Ghana,2012,73
Ghana,2013,72.6
Ghana,2014,72.2
Ghana,2015,71.8
Ghana,2016,70.1
Ghana,2017,68.3
Ghana,2018,66.6
Greece,1990,29.2
Greece,1995,17.3
Greece,2000,11.7
Greece,2005,10.6
Greece,2010,11.3
Greece,2011,10.8
Greece,2012,10.2
Greece,2013,9.6
Greece,2014,9.1
Greece,2015,8.5
Greece,2016,8.1
Greece,2017,7.7
Greece,2018,7.2
Grenada,1990,99.2
Grenada,1995,83.5
Grenada,2000,61.5
Grenada,2005,51.2
Grenada,2010,42.4
Grenada,2011,41
Grenada,2012,39.6
Grenada,2013,38.2
Grenada,2014,36.8
Grenada,2015,35.4
Grenada,2016,33.3
Grenada,2017,31.2
Grenada,2018,29.2
Guatemala,1990,130.3
Guatemala,1995,128.3
Guatemala,2000,118.8
Guatemala,2005,106.6
Guatemala,2010,89.1
Guatemala,2011,87
Guatemala,2012,84.9
Guatemala,2013,82.8
Guatemala,2014,80.7
Guatemala,2015,78.6
Guatemala,2016,76
Guatemala,2017,73.5
Guatemala,2018,70.9
Guinea,1990,181.3
Guinea,1995,180.3
Guinea,2000,174.4
Guinea,2005,165.3
Guinea,2010,155.4
Guinea,2011,153.5
Guinea,2012,151.6
Guinea,2013,149.7
Guinea,2014,147.8
Guinea,2015,145.9
Guinea,2016,142.3
Guinea,2017,138.8
Guinea,2018,135.3
Guinea-Bissau,1990,132.1
Guinea-Bissau,1995,138.3
Guinea-Bissau,2000,134.4
Guinea-Bissau,2005,127.3
Guinea-Bissau,2010,120.1
Guinea-Bissau,2011,117.7
Guinea-Bissau,2012,115.2
Guinea-Bissau,2013,112.7
Guinea-Bissau,2014,110.3
Guinea-Bissau,2015,107.8
Guinea-Bissau,2016,106.8
Guinea-Bissau,2017,105.8
Guinea-Bissau,2018,104.8
Guyana,1990,78.5
Guyana,1995,88.8
Guyana,2000,92.7
Guyana,2005,100.2
Guyana,2010,92.6
Guyana,2011,90.7
Guyana,2012,88.8
Guyana,2013,86.9
Guyana,2014,85
Guyana,2015,83.1
Guyana,2016,80.2
Guyana,2017,77.3
Guyana,2018,74.4
Haiti,1990,78.3
Haiti,1995,74.3
Haiti,2000,71.3
Haiti,2005,66.6
Haiti,2010,62.4
Haiti,2011,61.5
Haiti,2012,60.5
Haiti,2013,59.5
Haiti,2014,58.5
Haiti,2015,57.6
Haiti,2016,55.6
Haiti,2017,53.6
Haiti,2018,51.7
Honduras,1990,133.5
Honduras,1995,127.5
Honduras,2000,123.4
Honduras,2005,111.3
Honduras,2010,95.2
Honduras,2011,92.2
Honduras,2012,89.2
Honduras,2013,86.1
Honduras,2014,83.1
Honduras,2015,80.1
Honduras,2016,77.7
Honduras,2017,75.3
Honduras,2018,72.9
"Hong Kong, China (SAR)",1990,7.1
"Hong Kong, China (SAR)",1995,6.5
"Hong Kong, China (SAR)",2000,5.3
"Hong Kong, China (SAR)",2005,3.7
"Hong Kong, China (SAR)",2010,3
"Hong Kong, China (SAR)",2011,3
"Hong Kong, China (SAR)",2012,3
"Hong Kong, China (SAR)",2013,3
"Hong Kong, China (SAR)",2014,3
"Hong Kong, China (SAR)",2015,3
"Hong Kong, China (SAR)",2016,2.9
"Hong Kong, China (SAR)",2017,2.8
"Hong Kong, China (SAR)",2018,2.7
Hungary,1990,45.8
Hungary,1995,36.5
Hungary,2000,25.6
Hungary,2005,21
Hungary,2010,19.5
Hungary,2011,19.7
Hungary,2012,19.9
Hungary,2013,20
Hungary,2014,20.2
Hungary,2015,20.3
Hungary,2016,21.5
Hungary,2017,22.8
Hungary,2018,24
Iceland,1990,30.9
Iceland,1995,25.5
Iceland,2000,23.5
Iceland,2005,17.3
Iceland,2010,14.3
Iceland,2011,13.3
Iceland,2012,12.3
Iceland,2013,11.3
Iceland,2014,10.3
Iceland,2015,9.4
Iceland,2016,8.3
Iceland,2017,7.3
Iceland,2018,6.3
India,1990,106
India,1995,94
India,2000,76.9
India,2005,60.2
India,2010,44.6
India,2011,41.3
India,2012,38
India,2013,34.7
India,2014,31.4
India,2015,28.1
India,2016,23.1
India,2017,18.1
India,2018,13.2
Indonesia,1990,72.9
Indonesia,1995,63.1
Indonesia,2000,47.8
Indonesia,2005,52
Indonesia,2010,51.5
Indonesia,2011,51.3
Indonesia,2012,51.1
Indonesia,2013,50.9
Indonesia,2014,50.7
Indonesia,2015,50.5
Indonesia,2016,49.4
Indonesia,2017,48.4
Indonesia,2018,47.4
Iran (Islamic Republic of),1990,111.4
Iran (Islamic Republic of),1995,70.6
Iran (Islamic Republic of),2000,44.3
Iran (Islamic Republic of),2005,32.8
Iran (Islamic Republic of),2010,31.5
Iran (Islamic Republic of),2011,32.1
Iran (Islamic Republic of),2012,32.7
Iran (Islamic Republic of),2013,33.4
Iran (Islamic Republic of),2014,34
Iran (Islamic Republic of),2015,34.6
Iran (Islamic Republic of),2016,36.6
Iran (Islamic Republic of),2017,38.6
Iran (Islamic Republic of),2018,40.6
Iraq,1990,75.1
Iraq,1995,67.5
Iraq,2000,64.8
Iraq,2005,63.1
Iraq,2010,73.8
Iraq,2011,75
Iraq,2012,76.1
Iraq,2013,77.2
Iraq,2014,78.4
Iraq,2015,79.5
Iraq,2016,76.9
Iraq,2017,74.3
Iraq,2018,71.7
Ireland,1990,15.8
Ireland,1995,16.2
Ireland,2000,18.2
Ireland,2005,18.8
Ireland,2010,16.3
Ireland,2011,15.2
Ireland,2012,14.1
Ireland,2013,13
Ireland,2014,11.9
Ireland,2015,10.8
Ireland,2016,9.7
Ireland,2017,8.6
Ireland,2018,7.5
Israel,1990,21.9
Israel,1995,19.3
Israel,2000,17.7
Israel,2005,16.1
Israel,2010,14
Israel,2011,13.5
Israel,2012,13
Israel,2013,12.5
Israel,2014,12
Israel,2015,11.5
Israel,2016,10.9
Israel,2017,10.3
Israel,2018,9.6
Italy,1990,10
Italy,1995,7.7
Italy,2000,6.4
Italy,2005,7.1
Italy,2010,7
Italy,2011,6.8
Italy,2012,6.6
Italy,2013,6.3
Italy,2014,6.1
Italy,2015,5.9
Italy,2016,5.7
Italy,2017,5.5
Italy,2018,5.2
Jamaica,1990,106.3
Jamaica,1995,97.7
Jamaica,2000,93.8
Jamaica,2005,84
Jamaica,2010,74
Jamaica,2011,71.4
Jamaica,2012,68.7
Jamaica,2013,66.1
Jamaica,2014,63.4
Jamaica,2015,60.8
Jamaica,2016,58.1
Jamaica,2017,55.4
Jamaica,2018,52.8
Japan,1990,4
Japan,1995,3.7
Japan,2000,4.4
Japan,2005,5.7
Japan,2010,5.1
Japan,2011,5
Japan,2012,4.9
Japan,2013,4.7
Japan,2014,4.6
Japan,2015,4.5
Japan,2016,4.2
Japan,2017,4
Japan,2018,3.8
Jordan,1990,57.1
Jordan,1995,49.7
Jordan,2000,41
Jordan,2005,34.5
Jordan,2010,30.6
Jordan,2011,30.1
Jordan,2012,29.6
Jordan,2013,29.1
Jordan,2014,28.6
Jordan,2015,28.1
Jordan,2016,27.3
Jordan,2017,26.6
Jordan,2018,25.9
Kazakhstan,1990,46.2
Kazakhstan,1995,53.7
Kazakhstan,2000,42.1
Kazakhstan,2005,29.1
Kazakhstan,2010,28.1
Kazakhstan,2011,28.7
Kazakhstan,2012,29.4
Kazakhstan,2013,30
Kazakhstan,2014,30.7
Kazakhstan,2015,31.3
Kazakhstan,2016,30.8
Kazakhstan,2017,30.3
Kazakhstan,2018,29.8
Kenya,1990,147.8
Kenya,1995,115.3
Kenya,2000,111.5
Kenya,2005,104.2
Kenya,2010,97.1
Kenya,2011,94.9
Kenya,2012,92.7
Kenya,2013,90.5
Kenya,2014,88.3
Kenya,2015,86.2
Kenya,2016,82.5
Kenya,2017,78.8
Kenya,2018,75.1
Kiribati,1990,49.3
Kiribati,1995,45.9
Kiribati,2000,41.6
Kiribati,2005,33.5
Kiribati,2010,27.2
Kiribati,2011,26
Kiribati,2012,24.8
Kiribati,2013,23.6
Kiribati,2014,22.4
Kiribati,2015,21.1
Kiribati,2016,19.5
Kiribati,2017,17.8
Kiribati,2018,16.2
Korea (Democratic People's Rep. of),1990,3.2
Korea (Democratic People's Rep. of),1995,1.8
Korea (Democratic People's Rep. of),2000,1.2
Korea (Democratic People's Rep. of),2005,1
Korea (Democratic People's Rep. of),2010,0.6
Korea (Democratic People's Rep. of),2011,0.6
Korea (Democratic People's Rep. of),2012,0.5
Korea (Democratic People's Rep. of),2013,0.4
Korea (Democratic People's Rep. of),2014,0.4
Korea (Democratic People's Rep. of),2015,0.3
Korea (Democratic People's Rep. of),2016,0.3
Korea (Democratic People's Rep. of),2017,0.3
Korea (Democratic People's Rep. of),2018,0.3
Korea (Republic of),1990,6.4
Korea (Republic of),1995,4.1
Korea (Republic of),2000,2.9
Korea (Republic of),2005,2.2
Korea (Republic of),2010,2
Korea (Republic of),2011,2
Korea (Republic of),2012,1.9
Korea (Republic of),2013,1.9
Korea (Republic of),2014,1.8
Korea (Republic of),2015,1.8
Korea (Republic of),2016,1.6
Korea (Republic of),2017,1.5
Korea (Republic of),2018,1.4
Kuwait,1990,37.3
Kuwait,1995,22.7
Kuwait,2000,26.3
Kuwait,2005,19.7
Kuwait,2010,13.3
Kuwait,2011,12.6
Kuwait,2012,11.8
Kuwait,2013,11
Kuwait,2014,10.2
Kuwait,2015,9.4
Kuwait,2016,9
Kuwait,2017,8.6
Kuwait,2018,8.2
Kyrgyzstan,1990,50.4
Kyrgyzstan,1995,68.8
Kyrgyzstan,2000,62.5
Kyrgyzstan,2005,34.4
Kyrgyzstan,2010,29.7
Kyrgyzstan,2011,32.6
Kyrgyzstan,2012,35.5
Kyrgyzstan,2013,38.3
Kyrgyzstan,2014,41.2
Kyrgyzstan,2015,44
Kyrgyzstan,2016,40.3
Kyrgyzstan,2017,36.5
Kyrgyzstan,2018,32.8
Lao People's Democratic Republic,1990,110.2
Lao People's Democratic Republic,1995,104.9
Lao People's Democratic Republic,2000,90
Lao People's Democratic Republic,2005,77.3
Lao People's Democratic Republic,2010,72
Lao People's Democratic Republic,2011,71.2
Lao People's Democratic Republic,2012,70.3
Lao People's Democratic Republic,2013,69.4
Lao People's Democratic Republic,2014,68.5
Lao People's Democratic Republic,2015,67.7
Lao People's Democratic Republic,2016,66.9
Lao People's Democratic Republic,2017,66.2
Lao People's Democratic Republic,2018,65.4
Latvia,1990,45.5
Latvia,1995,43.5
Latvia,2000,21.9
Latvia,2005,17.3
Latvia,2010,18.2
Latvia,2011,17.6
Latvia,2012,17
Latvia,2013,16.4
Latvia,2014,15.9
Latvia,2015,15.3
Latvia,2016,15.6
Latvia,2017,15.9
Latvia,2018,16.2
Lebanon,1990,55.3
Lebanon,1995,44.5
Lebanon,2000,30.8
Lebanon,2005,21.2
Lebanon,2010,15
Lebanon,2011,15.3
Lebanon,2012,15.6
Lebanon,2013,15.9
Lebanon,2014,16.2
Lebanon,2015,16.5
Lebanon,2016,15.8
Lebanon,2017,15.2
Lebanon,2018,14.5
Lesotho,1990,89.5
Lesotho,1995,87.9
Lesotho,2000,85.5
Lesotho,2005,87.9
Lesotho,2010,86.9
Lesotho,2011,87.3
Lesotho,2012,87.7
Lesotho,2013,88.2
Lesotho,2014,88.6
Lesotho,2015,89
Lesotho,2016,90.3
Lesotho,2017,91.5
Lesotho,2018,92.7
Liberia,1990,182.1
Liberia,1995,161.4
Liberia,2000,152.1
Liberia,2005,146.7
Liberia,2010,141.2
Liberia,2011,140.8
Liberia,2012,140.3
Liberia,2013,139.9
Liberia,2014,139.5
Liberia,2015,139
Liberia,2016,138
Liberia,2017,137
Liberia,2018,136
Libya,1990,17.1
Libya,1995,11.8
Libya,2000,8.3
Libya,2005,6.3
Libya,2010,6.3
Libya,2011,6.2
Libya,2012,6.2
Libya,2013,6.2
Libya,2014,6.2
Libya,2015,6.1
Libya,2016,6
Libya,2017,5.9
Libya,2018,5.8
Lithuania,1990,30.2
Lithuania,1995,44.9
Lithuania,2000,31.8
Lithuania,2005,21.1
Lithuania,2010,18.9
Lithuania,2011,17.8
Lithuania,2012,16.7
Lithuania,2013,15.6
Lithuania,2014,14.5
Lithuania,2015,13.4
Lithuania,2016,12.6
Lithuania,2017,11.7
Lithuania,2018,10.9
Luxembourg,1990,11.4
Luxembourg,1995,12.5
Luxembourg,2000,10.2
Luxembourg,2005,11.7
Luxembourg,2010,9.6
Luxembourg,2011,9
Luxembourg,2012,8.3
Luxembourg,2013,7.7
Luxembourg,2014,7
Luxembourg,2015,6.4
Luxembourg,2016,5.8
Luxembourg,2017,5.3
Luxembourg,2018,4.7
Madagascar,1990,149.5
Madagascar,1995,149.2
Madagascar,2000,155.1
Madagascar,2005,149.5
Madagascar,2010,134.3
Madagascar,2011,131.4
Madagascar,2012,128.6
Madagascar,2013,125.7
Madagascar,2014,122.9
Madagascar,2015,120
Madagascar,2016,116.6
Madagascar,2017,113.1
Madagascar,2018,109.6
Malawi,1990,193.2
Malawi,1995,159.3
Malawi,2000,160.9
Malawi,2005,155.7
Malawi,2010,154.5
Malawi,2011,152.5
Malawi,2012,150.4
Malawi,2013,148.4
Malawi,2014,146.3
Malawi,2015,144.2
Malawi,2016,140.4
Malawi,2017,136.5
Malawi,2018,132.7
Malaysia,1990,19.8
Malaysia,1995,19.1
Malaysia,2000,14.8
Malaysia,2005,13
Malaysia,2010,12.7
Malaysia,2011,12.8
Malaysia,2012,12.9
Malaysia,2013,13
Malaysia,2014,13.1
Malaysia,2015,13.1
Malaysia,2016,13.2
Malaysia,2017,13.3
Malaysia,2018,13.4
Maldives,1990,171.3
Maldives,1995,102.6
Maldives,2000,44.5
Maldives,2005,22.1
Maldives,2010,15.3
Maldives,2011,14.4
Maldives,2012,13.5
Maldives,2013,12.6
Maldives,2014,11.7
Maldives,2015,10.8
Maldives,2016,9.8
Maldives,2017,8.8
Maldives,2018,7.8
Mali,1990,194.4
Mali,1995,196.3
Mali,2000,190.9
Mali,2005,186.3
Mali,2010,185.5
Mali,2011,184.2
Mali,2012,182.8
Mali,2013,181.5
Mali,2014,180.2
Mali,2015,178.9
Mali,2016,175.6
Mali,2017,172.4
Mali,2018,169.1
Malta,1990,12.4
Malta,1995,12
Malta,2000,18.4
Malta,2005,20.5
Malta,2010,18
Malta,2011,17.1
Malta,2012,16.1
Malta,2013,15.2
Malta,2014,14.2
Malta,2015,13.3
Malta,2016,13.2
Malta,2017,13
Malta,2018,12.9
Mauritania,1990,108.6
Mauritania,1995,104
Mauritania,2000,100.4
Mauritania,2005,93.8
Mauritania,2010,85.8
Mauritania,2011,84.4
Mauritania,2012,83.1
Mauritania,2013,81.7
Mauritania,2014,80.4
Mauritania,2015,79
Mauritania,2016,76.4
Mauritania,2017,73.7
Mauritania,2018,71
Mauritius,1990,44.7
Mauritius,1995,42.6
Mauritius,2000,36.3
Mauritius,2005,36.5
Mauritius,2010,34.9
Mauritius,2011,33.6
Mauritius,2012,32.3
Mauritius,2013,31
Mauritius,2014,29.7
Mauritius,2015,28.4
Mauritius,2016,27.5
Mauritius,2017,26.6
Mauritius,2018,25.7
Mexico,1990,88.5
Mexico,1995,84.8
Mexico,2000,83
Mexico,2005,76.1
Mexico,2010,70.3
Mexico,2011,69.4
Mexico,2012,68.6
Mexico,2013,67.7
Mexico,2014,66.8
Mexico,2015,66
Mexico,2016,64.1
Mexico,2017,62.2
Mexico,2018,60.4
Micronesia (Federated States of),1990,53.5
Micronesia (Federated States of),1995,48.4
Micronesia (Federated States of),2000,44.8
Micronesia (Federated States of),2005,34.3
Micronesia (Federated States of),2010,25.4
Micronesia (Federated States of),2011,24.1
Micronesia (Federated States of),2012,22.7
Micronesia (Federated States of),2013,21.3
Micronesia (Federated States of),2014,19.9
Micronesia (Federated States of),2015,18.6
Micronesia (Federated States of),2016,17
Micronesia (Federated States of),2017,15.5
Micronesia (Federated States of),2018,13.9
Moldova (Republic of),1990,48.6
Moldova (Republic of),1995,63.2
Moldova (Republic of),2000,58.1
Moldova (Republic of),2005,31
Moldova (Republic of),2010,27.2
Moldova (Republic of),2011,26.9
Moldova (Republic of),2012,26.6
Moldova (Republic of),2013,26.3
Moldova (Republic of),2014,26
Moldova (Republic of),2015,25.8
Moldova (Republic of),2016,24.6
Moldova (Republic of),2017,23.5
Moldova (Republic of),2018,22.4
Mongolia,1990,33.9
Mongolia,1995,38.4
Mongolia,2000,31.4
Mongolia,2005,21.5
Mongolia,2010,19.2
Mongolia,2011,20.7
Mongolia,2012,22.2
Mongolia,2013,23.6
Mongolia,2014,25.1
Mongolia,2015,26.6
Mongolia,2016,28.1
Mongolia,2017,29.5
Mongolia,2018,31
Montenegro,1990,32.1
Montenegro,1995,26.3
Montenegro,2000,21.8
Montenegro,2005,16.5
Montenegro,2010,18.7
Montenegro,2011,17.6
Montenegro,2012,16.6
Montenegro,2013,15.5
Montenegro,2014,14.4
Montenegro,2015,13.3
Montenegro,2016,12
Montenegro,2017,10.7
Montenegro,2018,9.3
Morocco,1990,45.4
Morocco,1995,37.1
Morocco,2000,34.8
Morocco,2005,36
Morocco,2010,32.7
Morocco,2011,32.9
Morocco,2012,33.1
Morocco,2013,33.3
Morocco,2014,33.4
Morocco,2015,33.6
Morocco,2016,32.8
Morocco,2017,31.9
Morocco,2018,31
Mozambique,1990,176.6
Mozambique,1995,187.4
Mozambique,2000,186
Mozambique,2005,181.2
Mozambique,2010,170.8
Mozambique,2011,168.5
Mozambique,2012,166.2
Mozambique,2013,163.8
Mozambique,2014,161.5
Mozambique,2015,159.1
Mozambique,2016,155.6
Mozambique,2017,152.1
Mozambique,2018,148.6
Myanmar,1990,50
Myanmar,1995,42.4
Myanmar,2000,39.1
Myanmar,2005,37.1
Myanmar,2010,33.1
Myanmar,2011,32.5
Myanmar,2012,31.8
Myanmar,2013,31.1
Myanmar,2014,30.5
Myanmar,2015,29.8
Myanmar,2016,29.4
Myanmar,2017,28.9
Myanmar,2018,28.5
Namibia,1990,101
Namibia,1995,91.7
Namibia,2000,89.2
Namibia,2005,82
Namibia,2010,81.1
Namibia,2011,80.6
Namibia,2012,80.2
Namibia,2013,79.8
Namibia,2014,79.4
Namibia,2015,79
Namibia,2016,73.9
Namibia,2017,68.7
Namibia,2018,63.6
Nepal,1990,131.3
Nepal,1995,131.9
Nepal,2000,125.1
Nepal,2005,104.9
Nepal,2010,88.9
Nepal,2011,86.3
Nepal,2012,83.8
Nepal,2013,81.2
Nepal,2014,78.6
Nepal,2015,76.1
Nepal,2016,72.4
Nepal,2017,68.8
Nepal,2018,65.1
Netherlands,1990,6.9
Netherlands,1995,7.1
Netherlands,2000,6.2
Netherlands,2005,7.1
Netherlands,2010,5.3
Netherlands,2011,5.1
Netherlands,2012,5
Netherlands,2013,4.8
Netherlands,2014,4.6
Netherlands,2015,4.4
Netherlands,2016,4.2
Netherlands,2017,4
Netherlands,2018,3.8
New Zealand,1990,31.9
New Zealand,1995,33.4
New Zealand,2000,29.9
New Zealand,2005,26.7
New Zealand,2010,30.1
New Zealand,2011,28.7
New Zealand,2012,27.2
New Zealand,2013,25.8
New Zealand,2014,24.4
New Zealand,2015,22.9
New Zealand,2016,21.7
New Zealand,2017,20.5
New Zealand,2018,19.3
Nicaragua,1990,158.4
Nicaragua,1995,147.4
Nicaragua,2000,127.5
Nicaragua,2005,112.7
Nicaragua,2010,102.3
Nicaragua,2011,100.7
Nicaragua,2012,99
Nicaragua,2013,97.3
Nicaragua,2014,95.6
Nicaragua,2015,93.9
Nicaragua,2016,91
Nicaragua,2017,88
Nicaragua,2018,85
Niger,1990,225.1
Niger,1995,222.8
Niger,2000,219.6
Niger,2005,215.5
Niger,2010,209.6
Niger,2011,207.8
Niger,2012,206.1
Niger,2013,204.3
Niger,2014,202.5
Niger,2015,200.7
Niger,2016,196
Niger,2017,191.3
Niger,2018,186.5
Nigeria,1990,154.9
Nigeria,1995,143.4
Nigeria,2000,136.6
Nigeria,2005,130.3
Nigeria,2010,123.2
Nigeria,2011,122
Nigeria,2012,120.7
Nigeria,2013,119.5
Nigeria,2014,118.3
Nigeria,2015,117
Nigeria,2016,113.8
Nigeria,2017,110.6
Nigeria,2018,107.3
North Macedonia,1990,48.7
North Macedonia,1995,43.2
North Macedonia,2000,34.8
North Macedonia,2005,23.7
North Macedonia,2010,20.7
North Macedonia,2011,20.2
North Macedonia,2012,19.6
North Macedonia,2013,19.1
North Macedonia,2014,18.6
North Macedonia,2015,18
North Macedonia,2016,17.3
North Macedonia,2017,16.5
North Macedonia,2018,15.7
Norway,1990,17.8
Norway,1995,15.7
Norway,2000,12.8
Norway,2005,10
Norway,2010,8.9
Norway,2011,8.3
Norway,2012,7.8
Norway,2013,7.2
Norway,2014,6.6
Norway,2015,6
Norway,2016,5.7
Norway,2017,5.4
Norway,2018,5.1
Oman,1990,93.9
Oman,1995,72.9
Oman,2000,43.5
Oman,2005,21.1
Oman,2010,13.6
Oman,2011,13.9
Oman,2012,14.2
Oman,2013,14.4
Oman,2014,14.7
Oman,2015,15
Oman,2016,14.3
Oman,2017,13.7
Oman,2018,13.1
Pakistan,1990,95.2
Pakistan,1995,80
Pakistan,2000,64.3
Pakistan,2005,51.1
Pakistan,2010,43.6
Pakistan,2011,43.2
Pakistan,2012,42.8
Pakistan,2013,42.3
Pakistan,2014,41.9
Pakistan,2015,41.5
Pakistan,2016,40.6
Pakistan,2017,39.7
Pakistan,2018,38.8
"Palestine, State of",1990,100
"Palestine, State of",1995,110.1
"Palestine, State of",2000,97
"Palestine, State of",2005,70.5
"Palestine, State of",2010,65.8
"Palestine, State of",2011,64.8
"Palestine, State of",2012,63.8
"Palestine, State of",2013,62.8
"Palestine, State of",2014,61.8
"Palestine, State of",2015,60.8
"Palestine, State of",2016,58.1
"Palestine, State of",2017,55.4
"Palestine, State of",2018,52.8
Panama,1990,102.6
Panama,1995,98
Panama,2000,94
Panama,2005,89.7
Panama,2010,87.9
Panama,2011,87.7
Panama,2012,87.5
Panama,2013,87.3
Panama,2014,87.1
Panama,2015,86.9
Panama,2016,85.2
Panama,2017,83.5
Panama,2018,81.8
Papua New Guinea,1990,83.6
Papua New Guinea,1995,75.8
Papua New Guinea,2000,71.6
Papua New Guinea,2005,65
Papua New Guinea,2010,61.1
Papua New Guinea,2011,60.2
Papua New Guinea,2012,59.3
Papua New Guinea,2013,58.4
Papua New Guinea,2014,57.5
Papua New Guinea,2015,56.6
Papua New Guinea,2016,55.3
Papua New Guinea,2017,54
Papua New Guinea,2018,52.7
Paraguay,1990,92.9
Paraguay,1995,92.4
Paraguay,2000,90.2
Paraguay,2005,84.8
Paraguay,2010,78.3
Paraguay,2011,77.3
Paraguay,2012,76.2
Paraguay,2013,75.1
Paraguay,2014,74
Paraguay,2015,72.9
Paraguay,2016,72.1
Paraguay,2017,71.3
Paraguay,2018,70.5
Peru,1990,86
Peru,1995,80.3
Peru,2000,73.9
Peru,2005,71.5
Peru,2010,71.6
Peru,2011,69.7
Peru,2012,67.9
Peru,2013,66
Peru,2014,64.2
Peru,2015,62.3
Peru,2016,60.5
Peru,2017,58.7
Peru,2018,56.9
Philippines,1990,50.1
Philippines,1995,51
Philippines,2000,49.1
Philippines,2005,53.9
Philippines,2010,54.6
Philippines,2011,55.1
Philippines,2012,55.7
Philippines,2013,56.2
Philippines,2014,56.7
Philippines,2015,57.3
Philippines,2016,56.2
Philippines,2017,55.2
Philippines,2018,54.2
Poland,1990,32.5
Poland,1995,29.4
Poland,2000,19
Poland,2005,15.5
Poland,2010,15.9
Poland,2011,15.6
Poland,2012,15.3
Poland,2013,15
Poland,2014,14.7
Poland,2015,14.3
Poland,2016,13.1
Poland,2017,11.8
Poland,2018,10.5
Portugal,1990,28
Portugal,1995,21.8
Portugal,2000,20.4
Portugal,2005,20.2
Portugal,2010,16.2
Portugal,2011,15.3
Portugal,2012,14.3
Portugal,2013,13.3
Portugal,2014,12.4
Portugal,2015,11.4
Portugal,2016,10.4
Portugal,2017,9.4
Portugal,2018,8.4
Qatar,1990,57.7
Qatar,1995,44
Qatar,2000,22.8
Qatar,2005,19
Qatar,2010,15.2
Qatar,2011,14.4
Qatar,2012,13.7
Qatar,2013,12.9
Qatar,2014,12.1
Qatar,2015,11.3
Qatar,2016,10.8
Qatar,2017,10.4
Qatar,2018,9.9
Romania,1990,58.5
Romania,1995,47.2
Romania,2000,40.3
Romania,2005,35.5
Romania,2010,41.6
Romania,2011,40.6
Romania,2012,39.6
Romania,2013,38.6
Romania,2014,37.6
Romania,2015,36.6
Romania,2016,36.4
Romania,2017,36.3
Romania,2018,36.2
Russian Federation,1990,49.2
Russian Federation,1995,51.8
Russian Federation,2000,35.1
Russian Federation,2005,27.6
Russian Federation,2010,29.6
Russian Federation,2011,29
Russian Federation,2012,28.4
Russian Federation,2013,27.7
Russian Federation,2014,27.1
Russian Federation,2015,26.4
Russian Federation,2016,24.5
Russian Federation,2017,22.6
Russian Federation,2018,20.7
Rwanda,1990,70.2
Rwanda,1995,58.7
Rwanda,2000,52.6
Rwanda,2005,46.6
Rwanda,2010,40.4
Rwanda,2011,40.4
Rwanda,2012,40.5
Rwanda,2013,40.5
Rwanda,2014,40.5
Rwanda,2015,40.5
Rwanda,2016,40.1
Rwanda,2017,39.6
Rwanda,2018,39.1
Saint Lucia,1990,120.8
Saint Lucia,1995,94.6
Saint Lucia,2000,69.8
Saint Lucia,2005,54.6
Saint Lucia,2010,48.2
Saint Lucia,2011,47.4
Saint Lucia,2012,46.6
Saint Lucia,2013,45.8
Saint Lucia,2014,45
Saint Lucia,2015,44.2
Saint Lucia,2016,43
Saint Lucia,2017,41.7
Saint Lucia,2018,40.5
Saint Vincent and the Grenadines,1990,95.1
Saint Vincent and the Grenadines,1995,88
Saint Vincent and the Grenadines,2000,76.1
Saint Vincent and the Grenadines,2005,64.6
Saint Vincent and the Grenadines,2010,58.9
Saint Vincent and the Grenadines,2011,58
Saint Vincent and the Grenadines,2012,57.2
Saint Vincent and the Grenadines,2013,56.3
Saint Vincent and the Grenadines,2014,55.4
Saint Vincent and the Grenadines,2015,54.5
Saint Vincent and the Grenadines,2016,52.7
Saint Vincent and the Grenadines,2017,50.8
Saint Vincent and the Grenadines,2018,49
Samoa,1990,39.4
Samoa,1995,33.7
Samoa,2000,45.1
Samoa,2005,37
Samoa,2010,31.7
Samoa,2011,31
Samoa,2012,30.3
Samoa,2013,29.6
Samoa,2014,28.9
Samoa,2015,28.3
Samoa,2016,26.8
Samoa,2017,25.3
Samoa,2018,23.9
Sao Tome and Principe,1990,130.4
Sao Tome and Principe,1995,124.3
Sao Tome and Principe,2000,115.9
Sao Tome and Principe,2005,110.9
Sao Tome and Principe,2010,106
Sao Tome and Principe,2011,104.9
Sao Tome and Principe,2012,103.8
Sao Tome and Principe,2013,102.7
Sao Tome and Principe,2014,101.5
Sao Tome and Principe,2015,100.4
Sao Tome and Principe,2016,98.5
Sao Tome and Principe,2017,96.6
Sao Tome and Principe,2018,94.6
Saudi Arabia,1990,84.7
Saudi Arabia,1995,59.9
Saudi Arabia,2000,36.4
Saudi Arabia,2005,21.3
Saudi Arabia,2010,12.3
Saudi Arabia,2011,11.9
Saudi Arabia,2012,11.6
Saudi Arabia,2013,11.2
Saudi Arabia,2014,10.8
Saudi Arabia,2015,10.4
Saudi Arabia,2016,9.4
Saudi Arabia,2017,8.4
Saudi Arabia,2018,7.3
Senegal,1990,142.9
Senegal,1995,123.1
Senegal,2000,109.7
Senegal,2005,100.3
Senegal,2010,93.5
Senegal,2011,91.5
Senegal,2012,89.6
Senegal,2013,87.6
Senegal,2014,85.6
Senegal,2015,83.6
Senegal,2016,80
Senegal,2017,76.3
Senegal,2018,72.7
Serbia,1990,46.2
Serbia,1995,36
Serbia,2000,29.4
Serbia,2005,25.6
Serbia,2010,22.3
Serbia,2011,21.6
Serbia,2012,20.9
Serbia,2013,20.2
Serbia,2014,19.5
Serbia,2015,18.8
Serbia,2016,17.4
Serbia,2017,16.1
Serbia,2018,14.7
Seychelles,1990,67.6
Seychelles,1995,68.1
Seychelles,2000,57.9
Seychelles,2005,57.9
Seychelles,2010,59.9
Seychelles,2011,60.2
Seychelles,2012,60.5
Seychelles,2013,60.8
Seychelles,2014,61
Seychelles,2015,61.3
Seychelles,2016,61.6
Seychelles,2017,61.8
Seychelles,2018,62
Sierra Leone,1990,192.2
Sierra Leone,1995,177.8
Sierra Leone,2000,166.1
Sierra Leone,2005,157.4
Sierra Leone,2010,146.1
Sierra Leone,2011,142.2
Sierra Leone,2012,138.3
Sierra Leone,2013,134.4
Sierra Leone,2014,130.5
Sierra Leone,2015,126.6
Sierra Leone,2016,122
Sierra Leone,2017,117.4
Sierra Leone,2018,112.8
Singapore,1990,8
Singapore,1995,7.9
Singapore,2000,7.4
Singapore,2005,7.5
Singapore,2010,6
Singapore,2011,5.6
Singapore,2012,5.1
Singapore,2013,4.7
Singapore,2014,4.3
Singapore,2015,3.9
Singapore,2016,3.8
Singapore,2017,3.7
Singapore,2018,3.5
Slovakia,1990,51
Slovakia,1995,45.4
Slovakia,2000,27.2
Slovakia,2005,20.7
Slovakia,2010,21.1
Slovakia,2011,21.4
Slovakia,2012,21.7
Slovakia,2013,21.9
Slovakia,2014,22.2
Slovakia,2015,22.5
Slovakia,2016,23.5
Slovakia,2017,24.6
Slovakia,2018,25.7
Slovenia,1990,34.7
Slovenia,1995,19.5
Slovenia,2000,9.2
Slovenia,2005,5.9
Slovenia,2010,5.2
Slovenia,2011,5.1
Slovenia,2012,5
Slovenia,2013,4.9
Slovenia,2014,4.8
Slovenia,2015,4.7
Slovenia,2016,4.4
Slovenia,2017,4.1
Slovenia,2018,3.8
Solomon Islands,1990,98.9
Solomon Islands,1995,84.8
Solomon Islands,2000,71.1
Solomon Islands,2005,70.1
Solomon Islands,2010,62.6
Solomon Islands,2011,65.7
Solomon Islands,2012,68.8
Solomon Islands,2013,71.8
Solomon Islands,2014,74.9
Solomon Islands,2015,78
Solomon Islands,2016,78
Solomon Islands,2017,78
Solomon Islands,2018,78
Somalia,1990,76.8
Somalia,1995,101.7
Somalia,2000,126.6
Somalia,2005,127.4
Somalia,2010,127.1
Somalia,2011,123.8
Somalia,2012,120.4
Somalia,2013,117.1
Somalia,2014,113.7
Somalia,2015,110.4
Somalia,2016,106.9
Somalia,2017,103.5
Somalia,2018,100.1
South Africa,1990,105.2
South Africa,1995,90.3
South Africa,2000,77.1
South Africa,2005,65.8
South Africa,2010,67.3
South Africa,2011,68.2
South Africa,2012,69.1
South Africa,2013,70.1
South Africa,2014,71
South Africa,2015,72
South Africa,2016,70.6
South Africa,2017,69.3
South Africa,2018,67.9
South Sudan,1990,141.2
South Sudan,1995,136.1
South Sudan,2000,129.8
South Sudan,2005,119.9
South Sudan,2010,98.3
South Sudan,2011,94.3
South Sudan,2012,90.2
South Sudan,2013,86.2
South Sudan,2014,82.1
South Sudan,2015,78.1
South Sudan,2016,72.7
South Sudan,2017,67.4
South Sudan,2018,62
Spain,1990,15.1
Spain,1995,9.7
Spain,2000,8
Spain,2005,10.2
Spain,2010,12.7
Spain,2011,12
Spain,2012,11.2
Spain,2013,10.5
Spain,2014,9.7
Spain,2015,9
Spain,2016,8.6
Spain,2017,8.1
Spain,2018,7.7
Sri Lanka,1990,33.5
Sri Lanka,1995,29.3
Sri Lanka,2000,29.2
Sri Lanka,2005,27.9
Sri Lanka,2010,22.3
Sri Lanka,2011,22.2
Sri Lanka,2012,22.1
Sri Lanka,2013,22
Sri Lanka,2014,21.9
Sri Lanka,2015,21.8
Sri Lanka,2016,21.5
Sri Lanka,2017,21.2
Sri Lanka,2018,20.9
Sudan,1990,101.5
Sudan,1995,108
Sudan,2000,110.9
Sudan,2005,120
Sudan,2010,110.4
Sudan,2011,104.3
Sudan,2012,98.2
Sudan,2013,92.2
Sudan,2014,86.1
Sudan,2015,80
Sudan,2016,74.7
Sudan,2017,69.3
Sudan,2018,64
Suriname,1990,96.2
Suriname,1995,94.4
Suriname,2000,89.5
Suriname,2005,81.2
Suriname,2010,72.5
Suriname,2011,71.1
Suriname,2012,69.7
Suriname,2013,68.3
Suriname,2014,66.9
Suriname,2015,65.5
Suriname,2016,64.2
Suriname,2017,62.9
Suriname,2018,61.7
Sweden,1990,11.8
Sweden,1995,11.4
Sweden,2000,7.2
Sweden,2005,6.4
Sweden,2010,6
Sweden,2011,5.9
Sweden,2012,5.8
Sweden,2013,5.7
Sweden,2014,5.5
Sweden,2015,5.4
Sweden,2016,5.3
Sweden,2017,5.2
Sweden,2018,5.1
Switzerland,1990,6.3
Switzerland,1995,6.5
Switzerland,2000,5.7
Switzerland,2005,5.3
Switzerland,2010,4.5
Switzerland,2011,4.3
Switzerland,2012,4.1
Switzerland,2013,3.9
Switzerland,2014,3.7
Switzerland,2015,3.5
Switzerland,2016,3.3
Switzerland,2017,3
Switzerland,2018,2.8
Syrian Arab Republic,1990,82.1
Syrian Arab Republic,1995,67.9
Syrian Arab Republic,2000,64.7
Syrian Arab Republic,2005,57
Syrian Arab Republic,2010,51.7
Syrian Arab Republic,2011,50
Syrian Arab Republic,2012,48.3
Syrian Arab Republic,2013,46.6
Syrian Arab Republic,2014,45
Syrian Arab Republic,2015,43.3
Syrian Arab Republic,2016,41.7
Syrian Arab Republic,2017,40.2
Syrian Arab Republic,2018,38.6
Tajikistan,1990,57.4
Tajikistan,1995,57.4
Tajikistan,2000,50.3
Tajikistan,2005,42.6
Tajikistan,2010,44.6
Tajikistan,2011,45.8
Tajikistan,2012,46.9
Tajikistan,2013,48.1
Tajikistan,2014,49.3
Tajikistan,2015,50.4
Tajikistan,2016,52.6
Tajikistan,2017,54.9
Tajikistan,2018,57.1
Tanzania (United Republic of),1990,146.9
Tanzania (United Republic of),1995,140.7
Tanzania (United Republic of),2000,134.4
Tanzania (United Republic of),2005,134.2
Tanzania (United Republic of),2010,133.4
Tanzania (United Republic of),2011,131.4
Tanzania (United Republic of),2012,129.3
Tanzania (United Republic of),2013,127.3
Tanzania (United Republic of),2014,125.2
Tanzania (United Republic of),2015,123.2
Tanzania (United Republic of),2016,121.6
Tanzania (United Republic of),2017,120
Tanzania (United Republic of),2018,118.4
Thailand,1990,53.2
Thailand,1995,50.2
Thailand,2000,45.7
Thailand,2005,41.9
Thailand,2010,42.4
Thailand,2011,44.3
Thailand,2012,46.1
Thailand,2013,47.9
Thailand,2014,49.7
Thailand,2015,51.6
Thailand,2016,49.3
Thailand,2017,47.1
Thailand,2018,44.9
Timor-Leste,1990,56.5
Timor-Leste,1995,58.6
Timor-Leste,2000,59.6
Timor-Leste,2005,63
Timor-Leste,2010,53.4
Timor-Leste,2011,50.5
Timor-Leste,2012,47.6
Timor-Leste,2013,44.7
Timor-Leste,2014,41.8
Timor-Leste,2015,38.9
Timor-Leste,2016,37.2
Timor-Leste,2017,35.5
Timor-Leste,2018,33.8
Togo,1990,124.7
Togo,1995,107.5
Togo,2000,97
Togo,2005,93.6
Togo,2010,92.7
Togo,2011,92.5
Togo,2012,92.3
Togo,2013,92.1
Togo,2014,91.9
Togo,2015,91.7
Togo,2016,90.9
Togo,2017,90
Togo,2018,89.1
Tonga,1990,25.5
Tonga,1995,24.5
Tonga,2000,22.5
Tonga,2005,21.3
Tonga,2010,19
Tonga,2011,18.5
Tonga,2012,18
Tonga,2013,17.6
Tonga,2014,17.1
Tonga,2015,16.6
Tonga,2016,16
Tonga,2017,15.3
Tonga,2018,14.7
Trinidad and Tobago,1990,72.1
Trinidad and Tobago,1995,56.1
Trinidad and Tobago,2000,44.3
Trinidad and Tobago,2005,38.4
Trinidad and Tobago,2010,38.1
Trinidad and Tobago,2011,37.4
Trinidad and Tobago,2012,36.8
Trinidad and Tobago,2013,36.1
Trinidad and Tobago,2014,35.5
Trinidad and Tobago,2015,34.8
Trinidad and Tobago,2016,33.2
Trinidad and Tobago,2017,31.7
Trinidad and Tobago,2018,30.1
Tunisia,1990,23.7
Tunisia,1995,17.1
Tunisia,2000,9.7
Tunisia,2005,6.1
Tunisia,2010,6.4
Tunisia,2011,6.7
Tunisia,2012,6.9
Tunisia,2013,7.1
Tunisia,2014,7.4
Tunisia,2015,7.6
Tunisia,2016,7.7
Tunisia,2017,7.8
Tunisia,2018,7.8
Turkey,1990,71.9
Turkey,1995,60.3
Turkey,2000,54.7
Turkey,2005,45.3
Turkey,2010,38.5
Turkey,2011,37.1
Turkey,2012,35.6
Turkey,2013,34.2
Turkey,2014,32.7
Turkey,2015,31.2
Turkey,2016,29.7
Turkey,2017,28.1
Turkey,2018,26.6
Turkmenistan,1990,22.3
Turkmenistan,1995,26.4
Turkmenistan,2000,25.4
Turkmenistan,2005,24.4
Turkmenistan,2010,22.1
Turkmenistan,2011,23
Turkmenistan,2012,23.9
Turkmenistan,2013,24.7
Turkmenistan,2014,25.6
Turkmenistan,2015,26.5
Turkmenistan,2016,25.8
Turkmenistan,2017,25.1
Turkmenistan,2018,24.4
Uganda,1990,173.3
Uganda,1995,177.2
Uganda,2000,178.6
Uganda,2005,167
Uganda,2010,150.7
Uganda,2011,147
Uganda,2012,143.2
Uganda,2013,139.4
Uganda,2014,135.7
Uganda,2015,131.9
Uganda,2016,127.5
Uganda,2017,123.2
Uganda,2018,118.8
Ukraine,1990,63.1
Ukraine,1995,57.7
Ukraine,2000,43.5
Ukraine,2005,29.3
Ukraine,2010,30.4
Ukraine,2011,29.9
Ukraine,2012,29.4
Ukraine,2013,28.9
Ukraine,2014,28.4
Ukraine,2015,28
Ukraine,2016,26.5
Ukraine,2017,25.1
Ukraine,2018,23.7
United Arab Emirates,1990,75.2
United Arab Emirates,1995,42.3
United Arab Emirates,2000,27.6
United Arab Emirates,2005,25.6
United Arab Emirates,2010,29.9
United Arab Emirates,2011,27.3
United Arab Emirates,2012,24.6
United Arab Emirates,2013,22
United Arab Emirates,2014,19.4
United Arab Emirates,2015,16.8
United Arab Emirates,2016,13.4
United Arab Emirates,2017,10
United Arab Emirates,2018,6.5
United Kingdom,1990,31.7
United Kingdom,1995,30.5
United Kingdom,2000,30.3
United Kingdom,2005,26.6
United Kingdom,2010,25.4
United Kingdom,2011,24
United Kingdom,2012,22.6
United Kingdom,2013,21.2
United Kingdom,2014,19.9
United Kingdom,2015,18.5
United Kingdom,2016,16.8
United Kingdom,2017,15.1
United Kingdom,2018,13.4
United States,1990,53.3
United States,1995,59.5
United States,2000,51.4
United States,2005,42.7
United States,2010,39.6
United States,2011,37.3
United States,2012,34.9
United States,2013,32.6
United States,2014,30.3
United States,2015,27.9
United States,2016,25.2
United States,2017,22.6
United States,2018,19.9
Uruguay,1990,66.4
Uruguay,1995,70.6
Uruguay,2000,67.3
Uruguay,2005,64.7
Uruguay,2010,61.1
Uruguay,2011,61
Uruguay,2012,60.9
Uruguay,2013,60.8
Uruguay,2014,60.7
Uruguay,2015,60.7
Uruguay,2016,60
Uruguay,2017,59.4
Uruguay,2018,58.7
Uzbekistan,1990,42.8
Uzbekistan,1995,60.8
Uzbekistan,2000,42.1
Uzbekistan,2005,18.3
Uzbekistan,2010,18.1
Uzbekistan,2011,19.2
Uzbekistan,2012,20.4
Uzbekistan,2013,21.5
Uzbekistan,2014,22.7
Uzbekistan,2015,23.8
Uzbekistan,2016,23.8
Uzbekistan,2017,23.8
Uzbekistan,2018,23.8
Vanuatu,1990,77.7
Vanuatu,1995,69.8
Vanuatu,2000,62
Vanuatu,2005,58.6
Vanuatu,2010,55.2
Vanuatu,2011,54.6
Vanuatu,2012,54.1
Vanuatu,2013,53.6
Vanuatu,2014,53.1
Vanuatu,2015,52.5
Vanuatu,2016,51.5
Vanuatu,2017,50.5
Vanuatu,2018,49.4
Venezuela (Bolivarian Republic of),1990,100.2
Venezuela (Bolivarian Republic of),1995,94.9
Venezuela (Bolivarian Republic of),2000,94.1
Venezuela (Bolivarian Republic of),2005,92.1
Venezuela (Bolivarian Republic of),2010,89.9
Venezuela (Bolivarian Republic of),2011,89.5
Venezuela (Bolivarian Republic of),2012,89.1
Venezuela (Bolivarian Republic of),2013,88.7
Venezuela (Bolivarian Republic of),2014,88.2
Venezuela (Bolivarian Republic of),2015,87.8
Venezuela (Bolivarian Republic of),2016,87
Venezuela (Bolivarian Republic of),2017,86.2
Venezuela (Bolivarian Republic of),2018,85.3
Viet Nam,1990,26.7
Viet Nam,1995,33.8
Viet Nam,2000,29.7
Viet Nam,2005,27.9
Viet Nam,2010,30.8
Viet Nam,2011,31.8
Viet Nam,2012,32.9
Viet Nam,2013,34
Viet Nam,2014,35
Viet Nam,2015,36.1
Viet Nam,2016,34.4
Viet Nam,2017,32.6
Viet Nam,2018,30.9
Yemen,1990,152.5
Yemen,1995,146.2
Yemen,2000,111.3
Yemen,2005,85.5
Yemen,2010,76.6
Yemen,2011,74.8
Yemen,2012,73
Yemen,2013,71.2
Yemen,2014,69.5
Yemen,2015,67.7
Yemen,2016,65.2
Yemen,2017,62.8
Yemen,2018,60.4
Zambia,1990,161.8
Zambia,1995,157.4
Zambia,2000,160.3
Zambia,2005,159.7
Zambia,2010,149
Zambia,2011,146.5
Zambia,2012,144.1
Zambia,2013,141.6
Zambia,2014,139.1
Zambia,2015,136.7
Zambia,2016,131.2
Zambia,2017,125.6
Zambia,2018,120.1
Zimbabwe,1990,110.6
Zimbabwe,1995,102.7
Zimbabwe,2000,100.1
Zimbabwe,2005,100.4
Zimbabwe,2010,111.1
Zimbabwe,2011,110.6
Zimbabwe,2012,110.2
Zimbabwe,2013,109.7
Zimbabwe,2014,109.3
Zimbabwe,2015,108.8
Zimbabwe,2016,101.3
Zimbabwe,2017,93.7
Zimbabwe,2018,86.1
Andorra,1990,..
Andorra,1995,..
Andorra,2000,..
Andorra,2005,..
Andorra,2010,..
Andorra,2011,..
Andorra,2012,..
Andorra,2013,..
Andorra,2014,..
Andorra,2015,..
Andorra,2016,..
Andorra,2017,..
Andorra,2018,..
Dominica,1990,..
Dominica,1995,..
Dominica,2000,..
Dominica,2005,..
Dominica,2010,..
Dominica,2011,..
Dominica,2012,..
Dominica,2013,..
Dominica,2014,..
Dominica,2015,..
Dominica,2016,..
Dominica,2017,..
Dominica,2018,..
Saint Kitts and Nevis,1990,..
Saint Kitts and Nevis,1995,..
Saint Kitts and Nevis,2000,..
Saint Kitts and Nevis,2005,..
Saint Kitts and Nevis,2010,..
Saint Kitts and Nevis,2011,..
Saint Kitts and Nevis,2012,..
Saint Kitts and Nevis,2013,..
Saint Kitts and Nevis,2014,..
Saint Kitts and Nevis,2015,..
Saint Kitts and Nevis,2016,..
Saint Kitts and Nevis,2017,..
Saint Kitts and Nevis,2018,..
Liechtenstein,1990,..
Liechtenstein,1995,..
Liechtenstein,2000,..
Liechtenstein,2005,..
Liechtenstein,2010,..
Liechtenstein,2011,..
Liechtenstein,2012,..
Liechtenstein,2013,..
Liechtenstein,2014,..
Liechtenstein,2015,..
Liechtenstein,2016,..
Liechtenstein,2017,..
Liechtenstein,2018,..
Marshall Islands,1990,..
Marshall Islands,1995,..
Marshall Islands,2000,..
Marshall Islands,2005,..
Marshall Islands,2010,..
Marshall Islands,2011,..
Marshall Islands,2012,..
Marshall Islands,2013,..
Marshall Islands,2014,..
Marshall Islands,2015,..
Marshall Islands,2016,..
Marshall Islands,2017,..
Marshall Islands,2018,..
Palau,1990,..
Palau,1995,..
Palau,2000,..
Palau,2005,..
Palau,2010,..
Palau,2011,..
Palau,2012,..
Palau,2013,..
Palau,2014,..
Palau,2015,..
Palau,2016,..
Palau,2017,..
Palau,2018,..
Human Development,1990, 
Human Development,1995,..
Human Development,2000,..
Human Development,2005,..
Human Development,2010,..
Human Development,2011,..
Human Development,2012,..
Human Development,2013,..
Human Development,2014,..
Human Development,2015,..
Human Development,2016,..
Human Development,2017,..
Human Development,2018,..
Very high human development,1990,..
Very high human development,1995,..
Very high human development,2000,..
Very high human development,2005,..
Very high human development,2010,..
Very high human development,2011,..
Very high human development,2012,..
Very high human development,2013,..
Very high human development,2014,..
Very high human development,2015,..
Very high human development,2016,..
Very high human development,2017,..
Very high human development,2018,..
High human development,1990,..
High human development,1995,..
High human development,2000,..
High human development,2005,..
High human development,2010,..
High human development,2011,..
High human development,2012,..
High human development,2013,..
High human development,2014,..
High human development,2015,..
High human development,2016,..
High human development,2017,..
High human development,2018,..
Medium human development,1990,..
Medium human development,1995,..
Medium human development,2000,..
Medium human development,2005,..
Medium human development,2010,..
Medium human development,2011,..
Medium human development,2012,..
Medium human development,2013,..
Medium human development,2014,..
Medium human development,2015,..
Medium human development,2016,..
Medium human development,2017,..
Medium human development,2018,..
Low human development,1990,..
Low human development,1995,..
Low human development,2000,..
Low human development,2005,..
Low human development,2010,..
Low human development,2011,..
Low human development,2012,..
Low human development,2013,..
Low human development,2014,..
Low human development,2015,..
Low human development,2016,..
Low human development,2017,..
Low human development,2018,..
Developing Countries,1990,..
Developing Countries,1995,..
Developing Countries,2000,..
Developing Countries,2005,..
Developing Countries,2010,..
Developing Countries,2011,..
Developing Countries,2012,..
Developing Countries,2013,..
Developing Countries,2014,..
Developing Countries,2015,..
Developing Countries,2016,..
Developing Countries,2017,..
Developing Countries,2018,..
Regions,1990, 
Regions,1995,..
Regions,2000,..
Regions,2005,..
Regions,2010,..
Regions,2011,..
Regions,2012,..
Regions,2013,..
Regions,2014,..
Regions,2015,..
Regions,2016,..
Regions,2017,..
Regions,2018,..
Arab States,1990,..
Arab States,1995,..
Arab States,2000,..
Arab States,2005,..
Arab States,2010,..
Arab States,2011,..
Arab States,2012,..
Arab States,2013,..
Arab States,2014,..
Arab States,2015,..
Arab States,2016,..
Arab States,2017,..
Arab States,2018,..
East Asia and the Pacific,1990,..
East Asia and the Pacific,1995,..
East Asia and the Pacific,2000,..
East Asia and the Pacific,2005,..
East Asia and the Pacific,2010,..
East Asia and the Pacific,2011,..
East Asia and the Pacific,2012,..
East Asia and the Pacific,2013,..
East Asia and the Pacific,2014,..
East Asia and the Pacific,2015,..
East Asia and the Pacific,2016,..
East Asia and the Pacific,2017,..
East Asia and the Pacific,2018,..
Europe and Central Asia,1990,..
Europe and Central Asia,1995,..
Europe and Central Asia,2000,..
Europe and Central Asia,2005,..
Europe and Central Asia,2010,..
Europe and Central Asia,2011,..
Europe and Central Asia,2012,..
Europe and Central Asia,2013,..
Europe and Central Asia,2014,..
Europe and Central Asia,2015,..
Europe and Central Asia,2016,..
Europe and Central Asia,2017,..
Europe and Central Asia,2018,..
Latin America and the Caribbean,1990,..
Latin America and the Caribbean,1995,..
Latin America and the Caribbean,2000,..
Latin America and the Caribbean,2005,..
Latin America and the Caribbean,2010,..
Latin America and the Caribbean,2011,..
Latin America and the Caribbean,2012,..
Latin America and the Caribbean,2013,..
Latin America and the Caribbean,2014,..
Latin America and the Caribbean,2015,..
Latin America and the Caribbean,2016,..
Latin America and the Caribbean,2017,..
Latin America and the Caribbean,2018,..
South Asia,1990,..
South Asia,1995,..
South Asia,2000,..
South Asia,2005,..
South Asia,2010,..
South Asia,2011,..
South Asia,2012,..
South Asia,2013,..
South Asia,2014,..
South Asia,2015,..
South Asia,2016,..
South Asia,2017,..
South Asia,2018,..
Sub-Saharan Africa,1990,..
Sub-Saharan Africa,1995,..
Sub-Saharan Africa,2000,..
Sub-Saharan Africa,2005,..
Sub-Saharan Africa,2010,..
Sub-Saharan Africa,2011,..
Sub-Saharan Africa,2012,..
Sub-Saharan Africa,2013,..
Sub-Saharan Africa,2014,..
Sub-Saharan Africa,2015,..
Sub-Saharan Africa,2016,..
Sub-Saharan Africa,2017,..
Sub-Saharan Africa,2018,..
Least Developed Countries,1990,..
Least Developed Countries,1995,..
Least Developed Countries,2000,..
Least Developed Countries,2005,..
Least Developed Countries,2010,..
Least Developed Countries,2011,..
Least Developed Countries,2012,..
Least Developed Countries,2013,..
Least Developed Countries,2014,..
Least Developed Countries,2015,..
Least Developed Countries,2016,..
Least Developed Countries,2017,..
Least Developed Countries,2018,..
Small Island Developing States,1990,..
Small Island Developing States,1995,..
Small Island Developing States,2000,..
Small Island Developing States,2005,..
Small Island Developing States,2010,..
Small Island Developing States,2011,..
Small Island Developing States,2012,..
Small Island Developing States,2013,..
Small Island Developing States,2014,..
Small Island Developing States,2015,..
Small Island Developing States,2016,..
Small Island Developing States,2017,..
Small Island Developing States,2018,..
Organization for Economic Co-operation and Development,1990,..
Organization for Economic Co-operation and Development,1995,..
Organization for Economic Co-operation and Development,2000,..
Organization for Economic Co-operation and Development,2005,..
Organization for Economic Co-operation and Development,2010,..
Organization for Economic Co-operation and Development,2011,..
Organization for Economic Co-operation and Development,2012,..
Organization for Economic Co-operation and Development,2013,..
Organization for Economic Co-operation and Development,2014,..
Organization for Economic Co-operation and Development,2015,..
Organization for Economic Co-operation and Development,2016,..
Organization for Economic Co-operation and Development,2017,..
Organization for Economic Co-operation and Development,2018,..
World,1990,..
World,1995,..
World,2000,..
World,2005,..
World,2010,..
World,2011,..
World,2012,..
World,2013,..
World,2014,..
World,2015,..
World,2016,..
World,2017,..
World,2018,..
